symbol,socialScore,governanceScore,environmentScore,totalEsg,esgPerformance,percentile,peerGroup,highestControversy
A,6.23,3.93,1.19,11.36,LAG_PERF,,Pharmaceuticals,2.0
AAPL,7.52,8.72,0.55,16.79,LAG_PERF,,Technology Hardware,3.0
ABBV,15.7,8.62,1.78,26.1,AVG_PERF,,Pharmaceuticals,2.0
ABNB,13.81,8.63,1.3,23.75,AVG_PERF,,Software & Services,2.0
ABT,13.84,6.56,1.81,22.21,AVG_PERF,,Healthcare,3.0
ACGL,9.92,8.78,1.57,20.27,AVG_PERF,,Insurance,2.0
ACN,6.81,3.05,2.06,11.91,LAG_PERF,,Software & Services,1.0
ADBE,7.23,5.14,1.69,14.06,LAG_PERF,,Software & Services,2.0
ADI,6.21,5.46,6.47,18.14,LAG_PERF,,Semiconductors,1.0
ADM,10.38,3.86,17.02,31.26,LEAD_PERF,,Food Products,3.0
ADP,7.37,3.74,4.01,15.12,LAG_PERF,,Software & Services,1.0
ADSK,8.09,3.72,3.34,15.14,LAG_PERF,,Software & Services,0.0
AEE,9.12,4.93,12.18,26.23,AVG_PERF,,Utilities,2.0
AEP,7.76,3.9,10.43,22.09,AVG_PERF,,Utilities,2.0
AES,9.79,3.25,12.0,25.04,AVG_PERF,,Utilities,2.0
AFL,8.32,8.97,1.29,18.58,LAG_PERF,,Insurance,1.0
AIG,11.0,10.64,1.95,23.6,AVG_PERF,,Insurance,2.0
AIZ,10.8,11.03,1.64,23.48,AVG_PERF,,Insurance,1.0
AJG,10.9,9.14,0.22,20.26,AVG_PERF,,Insurance,2.0
AKAM,6.83,3.74,2.74,13.31,LAG_PERF,,Software & Services,1.0
ALB,3.79,4.49,11.83,20.11,AVG_PERF,,Chemicals,2.0
ALGN,9.37,6.53,2.69,18.58,LAG_PERF,,Healthcare,1.0
ALL,10.68,9.48,1.12,21.29,AVG_PERF,,Insurance,2.0
ALLE,5.91,3.08,10.84,19.83,LAG_PERF,,Building Products,0.0
AMAT,3.09,4.67,3.8,11.56,LAG_PERF,,Semiconductors,2.0
AMCR,0.95,2.54,11.21,14.69,LAG_PERF,,Containers & Packaging,1.0
AMD,5.47,4.89,3.29,13.65,LAG_PERF,,Semiconductors,1.0
AME,8.63,5.37,7.13,21.13,AVG_PERF,,Electrical Equipment,0.0
AMGN,14.88,6.05,1.83,22.76,AVG_PERF,,Pharmaceuticals,3.0
AMP,7.58,9.39,1.75,18.71,LAG_PERF,,Diversified Financials,2.0
AMT,3.93,4.47,4.22,12.62,LAG_PERF,,Real Estate,1.0
AMZN,14.83,7.86,6.32,29.01,AVG_PERF,,Retailing,3.0
ANET,8.02,5.1,0.58,13.71,LAG_PERF,,Technology Hardware,1.0
ANSS,7.33,3.56,3.61,14.5,LAG_PERF,,Software & Services,0.0
AON,5.63,9.59,0.07,15.29,LAG_PERF,,Insurance,1.0
AOS,13.55,6.61,6.65,26.82,AVG_PERF,,Machinery,1.0
APA,8.26,7.12,27.69,43.08,LEAD_PERF,,Oil & Gas Producers,2.0
APD,3.44,2.94,8.45,14.83,LAG_PERF,,Chemicals,1.0
APH,4.77,4.9,8.21,17.89,LAG_PERF,,Technology Hardware,2.0
APTV,4.56,3.97,4.35,12.89,LAG_PERF,,Auto Components,1.0
ARE,3.69,6.59,2.85,13.14,LAG_PERF,,Real Estate,0.0
ATO,13.21,4.31,13.71,31.23,LEAD_PERF,,Utilities,2.0
AVB,2.4,3.47,2.23,8.09,LAG_PERF,,Real Estate,1.0
AVGO,6.86,4.21,8.12,19.2,LAG_PERF,,Semiconductors,2.0
AVY,1.01,3.39,10.99,15.39,LAG_PERF,,Containers & Packaging,1.0
AWK,6.69,3.63,8.75,19.07,LAG_PERF,,Utilities,1.0
AXON,20.09,8.03,2.38,30.49,LEAD_PERF,,Aerospace & Defense,1.0
AXP,9.7,8.45,0.13,18.28,LAG_PERF,,Diversified Financials,2.0
AZO,7.21,3.6,0.16,10.98,LAG_PERF,,Retailing,2.0
BA,22.18,6.47,7.9,36.55,LEAD_PERF,,Aerospace & Defense,4.0
BAC,13.65,8.83,1.88,24.36,AVG_PERF,,Banks,3.0
BALL,0.82,2.01,7.48,10.31,LAG_PERF,,Containers & Packaging,2.0
BAX,13.51,5.68,2.73,21.91,AVG_PERF,,Healthcare,3.0
BBY,7.95,3.2,2.53,13.67,LAG_PERF,,Retailing,2.0
BDX,13.72,6.72,3.23,23.67,AVG_PERF,,Healthcare,3.0
BEN,9.07,8.16,2.45,19.67,LAG_PERF,,Diversified Financials,2.0
BG,13.26,5.27,14.39,32.92,OUT_PERF,78.24,Food Products,3.0
BIIB,13.01,7.05,0.45,20.51,AVG_PERF,,Pharmaceuticals,3.0
BK,10.55,8.67,0.7,19.93,LAG_PERF,,Diversified Financials,2.0
BKNG,9.99,5.25,1.11,16.35,LAG_PERF,,Software & Services,2.0
BKR,6.39,5.44,7.3,19.12,LAG_PERF,,Energy Services,2.0
BLDR,6.96,6.14,13.64,26.73,AVG_PERF,,Building Products,1.0
BLK,7.36,9.99,0.9,18.25,UNDER_PERF,21.43,Diversified Financials,2.0
BMY,14.59,6.14,0.46,21.2,AVG_PERF,,Pharmaceuticals,2.0
BR,7.38,3.78,4.32,15.48,LAG_PERF,,Software & Services,0.0
BRO,9.91,10.89,0.31,21.11,AVG_PERF,,Insurance,1.0
BSX,11.86,7.8,2.4,22.06,AVG_PERF,,Healthcare,2.0
BWA,4.35,3.88,1.71,9.93,LAG_PERF,,Auto Components,1.0
BX,10.02,11.91,1.66,23.59,AVG_PERF,,Diversified Financials,1.0
BXP,3.93,5.26,2.8,11.99,LAG_PERF,,Real Estate,0.0
C,12.57,7.78,1.54,21.89,AVG_PERF,,Banks,3.0
CAG,13.63,3.84,9.33,26.81,AVG_PERF,,Food Products,2.0
CAH,6.91,3.65,0.76,11.32,LAG_PERF,,Healthcare,2.0
CARR,4.67,3.53,7.98,16.17,LAG_PERF,,Building Products,2.0
CAT,11.77,6.39,10.17,28.33,AVG_PERF,,Machinery,2.0
CB,12.04,8.39,1.98,22.4,AVG_PERF,,Insurance,2.0
CBOE,8.06,10.72,2.68,21.46,AVG_PERF,,Diversified Financials,2.0
CBRE,2.04,2.71,1.57,6.31,LAG_PERF,,Real Estate,1.0
CCI,2.9,3.62,5.46,11.98,LAG_PERF,,Real Estate,1.0
CCL,10.57,4.11,6.97,21.65,AVG_PERF,,Consumer Services,3.0
CDNS,5.19,3.84,2.4,11.43,LAG_PERF,,Software & Services,1.0
CDW,3.38,2.28,1.82,7.49,LAG_PERF,,Technology Hardware,1.0
CE,6.49,3.73,14.75,24.96,AVG_PERF,,Chemicals,1.0
CEG,13.4,3.49,11.6,28.49,AVG_PERF,,Utilities,1.0
CF,8.85,3.42,15.89,28.16,AVG_PERF,,Chemicals,1.0
CFG,9.62,11.65,1.69,22.97,AVG_PERF,,Banks,2.0
CHD,9.59,6.05,7.02,22.65,AVG_PERF,,Household Products,2.0
CHRW,8.84,4.06,4.47,17.36,LAG_PERF,,Transportation,1.0
CHTR,11.47,6.86,5.36,23.69,AVG_PERF,,Telecommunication Services,2.0
CI,8.85,4.01,0.13,12.99,LAG_PERF,,Healthcare,2.0
CINF,9.99,11.73,1.39,23.11,AVG_PERF,,Insurance,1.0
CL,10.11,5.01,9.01,24.12,AVG_PERF,,Household Products,2.0
CLX,8.5,3.59,7.94,20.03,AVG_PERF,,Household Products,2.0
CMCSA,9.88,8.25,4.14,22.27,AVG_PERF,,Telecommunication Services,2.0
CME,6.13,8.69,2.26,17.08,LAG_PERF,,Diversified Financials,1.0
CMG,9.54,3.47,7.11,20.12,AVG_PERF,,Consumer Services,2.0
CMI,8.15,4.76,9.9,22.82,AVG_PERF,,Machinery,3.0
CMS,6.85,4.25,9.15,20.26,AVG_PERF,,Utilities,2.0
CNC,11.43,3.78,0.07,15.29,LAG_PERF,,Healthcare,2.0
CNP,9.67,3.77,11.34,24.78,AVG_PERF,,Utilities,2.0
COF,11.93,9.07,0.31,21.31,AVG_PERF,,Diversified Financials,3.0
COO,7.55,4.24,2.91,14.69,LAG_PERF,,Healthcare,2.0
COP,8.74,7.2,17.2,33.14,LEAD_PERF,,Oil & Gas Producers,2.0
COR,5.61,4.19,1.17,10.97,LAG_PERF,,Healthcare,2.0
COST,15.5,4.98,8.65,29.12,AVG_PERF,,Food Retailers,2.0
CPAY,12.24,5.48,4.74,22.46,AVG_PERF,,Software & Services,2.0
CPB,10.47,3.77,12.07,26.3,AVG_PERF,,Food Products,2.0
CPRT,8.96,5.02,1.71,15.68,LAG_PERF,,Commercial Services,1.0
CPT,3.81,6.87,3.5,14.18,LAG_PERF,,Real Estate,2.0
CRL,10.75,5.67,1.73,18.14,LAG_PERF,,Pharmaceuticals,1.0
CRM,8.16,4.97,2.05,15.18,LAG_PERF,,Software & Services,2.0
CRWD,10.4,6.38,0.97,17.75,LAG_PERF,,Software & Services,2.0
CSCO,7.64,4.87,0.4,12.91,LAG_PERF,,Technology Hardware,2.0
CSGP,9.56,6.47,5.65,21.68,AVG_PERF,,Software & Services,1.0
CSX,10.07,3.89,7.12,21.07,AVG_PERF,,Transportation,2.0
CTAS,8.24,5.61,3.19,17.03,LAG_PERF,,Commercial Services,2.0
CTRA,7.63,5.81,19.31,32.75,LEAD_PERF,,Oil & Gas Producers,2.0
CTSH,8.01,4.43,2.75,15.19,LAG_PERF,,Software & Services,2.0
CTVA,14.31,4.25,15.2,33.76,LEAD_PERF,,Chemicals,3.0
CVS,13.22,4.99,0.07,18.27,LAG_PERF,,Healthcare,2.0
CVX,9.37,9.36,16.58,35.31,LEAD_PERF,,Oil & Gas Producers,3.0
CZR,9.79,8.29,1.79,19.88,LAG_PERF,,Consumer Services,2.0
D,8.33,5.28,14.97,28.58,AVG_PERF,,Utilities,2.0
DAL,13.88,5.12,11.38,30.38,LEAD_PERF,,Transportation,2.0
DAY,7.98,4.79,4.5,17.28,LAG_PERF,,Software & Services,0.0
DD,6.93,3.73,16.2,26.87,AVG_PERF,,Chemicals,3.0
DE,9.18,4.7,2.45,16.33,LAG_PERF,,Machinery,2.0
DECK,7.94,3.09,3.2,14.23,LAG_PERF,,Textiles & Apparel,0.0
DELL,7.29,7.99,0.63,15.9,LAG_PERF,,Technology Hardware,3.0
DFS,12.4,10.09,0.32,22.81,AVG_PERF,,Diversified Financials,2.0
DG,13.07,4.27,3.86,21.2,AVG_PERF,,Retailing,3.0
DGX,13.06,7.12,0.31,20.49,AVG_PERF,,Healthcare,3.0
DHI,6.44,5.21,9.99,21.64,AVG_PERF,,Homebuilders,2.0
DHR,3.32,4.21,0.99,8.52,LAG_PERF,,Pharmaceuticals,2.0
DIS,9.09,5.96,0.09,15.14,LAG_PERF,,Media,2.0
DLR,2.77,5.73,4.13,12.63,LAG_PERF,,Real Estate,0.0
DLTR,13.01,2.55,3.23,18.8,LAG_PERF,,Retailing,2.0
DOV,12.55,4.43,7.47,24.45,AVG_PERF,,Machinery,0.0
DOW,3.37,4.33,11.92,19.62,LAG_PERF,,Chemicals,3.0
DPZ,11.85,5.71,9.93,27.49,AVG_PERF,,Consumer Services,2.0
DRI,12.77,3.73,10.96,27.46,AVG_PERF,,Consumer Services,2.0
DTE,11.84,5.58,13.86,31.28,LEAD_PERF,,Utilities,2.0
DUK,10.03,2.91,13.85,26.79,AVG_PERF,,Utilities,2.0
DVA,14.44,7.27,0.07,21.78,AVG_PERF,,Healthcare,2.0
DVN,8.04,6.12,17.4,31.55,LEAD_PERF,,Oil & Gas Producers,2.0
DXCM,10.07,8.19,3.45,21.72,AVG_PERF,,Healthcare,1.0
EA,8.43,4.22,0.31,12.96,LAG_PERF,,Software & Services,1.0
EBAY,8.05,4.44,2.71,15.2,LAG_PERF,,Software & Services,2.0
ECL,7.25,5.56,11.06,23.86,AVG_PERF,,Chemicals,2.0
ED,8.65,4.52,7.94,21.11,AVG_PERF,,Utilities,2.0
EFX,16.75,5.23,0.23,22.21,AVG_PERF,,Commercial Services,2.0
EG,6.67,9.91,1.39,17.96,UNDER_PERF,20.35,Insurance,1.0
EIX,12.11,3.48,8.38,23.97,AVG_PERF,,Utilities,3.0
EL,10.52,7.9,5.59,24.01,AVG_PERF,,Household Products,2.0
ELV,5.33,4.58,0.09,9.99,LAG_PERF,,Healthcare,2.0
EMN,6.57,4.89,13.28,24.74,AVG_PERF,,Chemicals,2.0
EMR,12.6,4.13,6.05,22.79,AVG_PERF,,Machinery,1.0
ENPH,8.81,6.25,4.84,19.9,LAG_PERF,,Electrical Equipment,1.0
EOG,6.51,6.53,21.34,34.38,LEAD_PERF,,Oil & Gas Producers,2.0
EPAM,16.47,6.06,4.84,27.36,AVG_PERF,,Software & Services,0.0
EQIX,4.76,4.82,3.56,13.14,LAG_PERF,,Real Estate,1.0
EQR,2.95,5.27,3.2,11.43,LAG_PERF,,Real Estate,1.0
EQT,9.29,5.79,16.61,31.69,LEAD_PERF,,Oil & Gas Producers,1.0
ERIE,11.52,13.56,2.82,27.91,AVG_PERF,,Insurance,1.0
ES,8.17,5.82,4.1,18.08,LAG_PERF,,Utilities,2.0
ESS,2.93,5.31,3.38,11.61,LAG_PERF,,Real Estate,1.0
ETN,9.26,4.03,7.76,21.05,AVG_PERF,,Electrical Equipment,2.0
ETR,7.48,4.1,13.29,24.88,AVG_PERF,,Utilities,2.0
EVRG,10.64,4.88,13.73,29.24,AVG_PERF,,Utilities,1.0
EW,13.41,5.33,2.96,21.7,AVG_PERF,,Healthcare,2.0
EXC,8.1,4.33,6.36,18.79,LAG_PERF,,Utilities,3.0
EXPD,9.04,4.29,5.07,18.4,LAG_PERF,,Transportation,2.0
EXPE,11.59,7.8,2.73,22.12,AVG_PERF,,Software & Services,2.0
EXR,3.85,6.21,4.1,14.15,LAG_PERF,,Real Estate,1.0
F,7.04,7.98,7.36,22.39,AVG_PERF,,Automobiles,3.0
FANG,9.91,7.41,19.99,37.31,LEAD_PERF,,Oil & Gas Producers,2.0
FAST,8.36,7.17,9.51,25.04,AVG_PERF,,Traders & Distributors,2.0
FCX,6.8,4.22,17.09,28.1,AVG_PERF,,Diversified Metals,4.0
FDS,8.78,3.15,4.57,16.5,LAG_PERF,,Software & Services,1.0
FDX,8.5,4.79,5.73,19.02,LAG_PERF,,Transportation,2.0
FE,10.46,4.46,13.19,28.12,AVG_PERF,,Utilities,3.0
FFIV,7.71,4.26,4.33,16.3,LAG_PERF,,Software & Services,1.0
FI,9.01,4.36,4.09,17.47,LAG_PERF,,Software & Services,2.0
FICO,9.11,6.1,4.88,20.09,AVG_PERF,,Software & Services,2.0
FIS,8.18,2.5,3.68,14.36,LAG_PERF,,Software & Services,1.0
FITB,8.86,7.23,0.78,16.87,LAG_PERF,,Banks,2.0
FMC,8.51,4.74,11.83,25.08,AVG_PERF,,Chemicals,2.0
FOXA,6.72,5.2,0.3,12.22,LAG_PERF,,Media,3.0
FRT,5.68,3.7,3.06,12.44,LAG_PERF,,Real Estate,0.0
FSLR,6.08,5.19,6.04,17.31,LAG_PERF,,Semiconductors,2.0
FTNT,8.54,3.57,3.69,15.8,LAG_PERF,,Software & Services,1.0
FTV,10.66,2.93,14.31,27.9,AVG_PERF,,Industrial Conglomerates,1.0
GD,18.86,5.88,9.34,34.09,LEAD_PERF,,Aerospace & Defense,3.0
GDDY,9.26,5.33,4.4,18.99,LAG_PERF,,Software & Services,2.0
GE,12.9,6.32,13.44,32.65,LEAD_PERF,,Industrial Conglomerates,2.0
GEHC,14.21,4.51,2.74,21.46,AVG_PERF,,Healthcare,2.0
GEN,7.85,3.96,2.97,14.78,LAG_PERF,,Software & Services,2.0
GILD,14.35,6.71,0.63,21.68,AVG_PERF,,Pharmaceuticals,2.0
GIS,13.19,3.19,9.46,25.84,AVG_PERF,,Food Products,2.0
GL,9.72,9.31,1.25,20.28,AVG_PERF,,Insurance,2.0
GLW,4.47,4.64,8.38,17.5,LAG_PERF,,Technology Hardware,2.0
GM,14.07,4.75,8.2,27.02,AVG_PERF,,Automobiles,4.0
GNRC,9.34,5.37,7.22,21.93,AVG_PERF,,Electrical Equipment,2.0
GOOGL,9.95,11.51,1.91,23.37,AVG_PERF,,Software & Services,4.0
GPC,5.33,2.9,4.59,12.83,LAG_PERF,,Retailing,1.0
GPN,10.55,4.74,4.22,19.51,LAG_PERF,,Software & Services,1.0
GRMN,11.65,4.39,4.95,20.99,AVG_PERF,,Consumer Durables,1.0
GS,13.47,11.01,0.75,25.22,AVG_PERF,,Diversified Financials,2.0
GWW,5.61,5.92,4.46,15.99,LAG_PERF,,Traders & Distributors,2.0
HAL,6.79,6.84,10.21,23.84,AVG_PERF,,Energy Services,2.0
HAS,3.38,2.7,1.2,7.28,LAG_PERF,,Consumer Durables,2.0
HBAN,7.68,7.25,1.45,16.38,LAG_PERF,,Banks,2.0
HCA,18.45,4.81,4.5,27.76,AVG_PERF,,Healthcare,3.0
HD,6.53,2.65,3.43,12.61,LAG_PERF,,Retailing,2.0
HES,6.09,6.5,19.37,31.97,LEAD_PERF,,Oil & Gas Producers,2.0
HIG,9.25,6.18,1.35,16.78,LAG_PERF,,Insurance,1.0
HII,16.7,5.96,11.55,34.21,LEAD_PERF,,Aerospace & Defense,1.0
HLT,7.42,3.2,6.81,17.44,LAG_PERF,,Consumer Services,2.0
HOLX,12.27,5.32,4.26,21.85,AVG_PERF,,Healthcare,2.0
HON,9.71,7.16,10.26,27.12,AVG_PERF,,Industrial Conglomerates,3.0
HPE,6.45,4.15,0.87,11.48,LAG_PERF,,Technology Hardware,2.0
HPQ,5.88,4.48,0.23,10.59,LAG_PERF,,Technology Hardware,2.0
HRL,10.12,4.88,11.11,26.11,AVG_PERF,,Food Products,3.0
HSIC,5.95,5.78,2.77,14.5,LAG_PERF,,Healthcare,3.0
HST,4.7,4.95,3.2,12.86,LAG_PERF,,Real Estate,1.0
HSY,10.7,4.09,10.19,24.98,AVG_PERF,,Food Products,3.0
HUBB,6.07,3.17,8.7,17.94,LAG_PERF,,Electrical Equipment,0.0
HUM,14.67,4.19,0.04,18.9,LAG_PERF,,Healthcare,2.0
HWM,12.56,3.37,7.69,23.62,AVG_PERF,,Aerospace & Defense,2.0
IBM,6.68,5.01,1.58,13.27,LAG_PERF,,Software & Services,2.0
ICE,9.07,7.27,1.89,18.24,LAG_PERF,,Diversified Financials,1.0
IDXX,7.69,6.15,2.48,16.32,LAG_PERF,,Healthcare,1.0
IEX,11.75,5.11,13.79,30.65,LEAD_PERF,,Machinery,1.0
IFF,5.93,4.9,12.34,23.17,AVG_PERF,,Chemicals,3.0
INCY,16.77,5.67,1.27,23.71,AVG_PERF,,Pharmaceuticals,1.0
INTC,6.0,4.08,5.49,15.57,LAG_PERF,,Semiconductors,2.0
INTU,8.7,4.2,3.92,16.82,LAG_PERF,,Software & Services,1.0
INVH,4.97,4.59,6.45,16.01,LAG_PERF,,Real Estate,2.0
IP,5.61,2.69,15.13,23.43,AVG_PERF,,Paper & Forestry,3.0
IPG,4.87,3.79,0.03,8.69,LAG_PERF,,Media,0.0
IQV,10.59,4.56,0.91,16.07,LAG_PERF,,Pharmaceuticals,2.0
IR,6.36,2.1,2.15,10.6,LAG_PERF,,Machinery,1.0
IRM,3.45,4.95,5.85,14.25,LAG_PERF,,Real Estate,1.0
ISRG,9.81,5.54,2.68,18.03,LAG_PERF,,Healthcare,1.0
IT,13.2,5.78,0.27,19.25,LAG_PERF,,Commercial Services,1.0
ITW,10.06,5.89,10.31,26.26,AVG_PERF,,Machinery,2.0
IVZ,11.28,9.75,0.17,21.19,AVG_PERF,,Diversified Financials,2.0
J,11.45,4.96,7.47,23.89,AVG_PERF,,Construction & Engineering,2.0
JBHT,6.92,4.86,2.56,14.34,LAG_PERF,,Transportation,1.0
JBL,3.18,3.47,2.8,9.45,LAG_PERF,,Technology Hardware,1.0
JCI,5.07,3.52,7.47,16.06,LAG_PERF,,Building Products,3.0
JKHY,8.73,5.46,4.47,18.66,LAG_PERF,,Software & Services,0.0
JNJ,13.03,6.13,0.94,20.1,AVG_PERF,,Pharmaceuticals,4.0
JNPR,6.84,3.64,2.37,12.85,LAG_PERF,,Technology Hardware,1.0
JPM,14.03,10.83,2.44,27.3,AVG_PERF,,Banks,3.0
K,11.78,3.99,14.56,30.33,LEAD_PERF,,Food Products,2.0
KDP,10.92,4.42,8.95,24.29,AVG_PERF,,Food Products,2.0
KEY,9.54,11.33,1.57,22.44,AVG_PERF,,Banks,2.0
KEYS,1.4,2.96,4.59,8.95,LAG_PERF,,Technology Hardware,0.0
KHC,14.0,3.62,13.1,30.72,LEAD_PERF,,Food Products,2.0
KIM,2.66,5.32,2.42,10.39,LAG_PERF,,Real Estate,0.0
KKR,9.37,11.9,0.75,22.02,AVG_PERF,,Diversified Financials,1.0
KLAC,5.2,4.23,6.75,16.18,LAG_PERF,,Semiconductors,0.0
KMB,9.27,5.06,10.12,24.45,AVG_PERF,,Household Products,2.0
KMI,9.85,5.07,8.35,23.27,AVG_PERF,,Refiners & Pipelines,2.0
KMX,8.29,2.54,0.25,11.08,LAG_PERF,,Retailing,2.0
KO,10.56,4.35,9.24,24.16,AVG_PERF,,Food Products,3.0
KR,10.85,4.91,7.04,22.8,AVG_PERF,,Food Retailers,2.0
KVUE,,,,17.02,LAG_PERF,,Retailing,2.0
L,12.0,14.36,2.2,28.56,AVG_PERF,,Insurance,1.0
LDOS,9.35,4.54,3.37,17.26,LAG_PERF,,Software & Services,2.0
LEN,8.66,5.87,11.49,26.02,AVG_PERF,,Homebuilders,2.0
LH,12.71,6.6,0.43,19.74,UNDER_PERF,27.05,Healthcare,2.0
LHX,9.17,4.15,6.78,20.1,AVG_PERF,,Aerospace & Defense,2.0
LIN,1.31,2.09,8.24,11.63,LAG_PERF,,Chemicals,2.0
LKQ,4.13,2.83,4.03,10.99,LAG_PERF,,Retailing,1.0
LLY,13.08,7.96,2.58,23.62,AVG_PERF,,Pharmaceuticals,3.0
LMT,14.07,6.16,7.9,28.14,AVG_PERF,,Aerospace & Defense,3.0
LNT,5.25,5.07,6.79,17.11,LAG_PERF,,Utilities,0.0
LOW,6.1,2.41,3.42,11.93,LAG_PERF,,Retailing,2.0
LRCX,4.18,3.76,4.28,12.21,LAG_PERF,,Semiconductors,1.0
LULU,7.9,4.42,1.78,14.11,LAG_PERF,,Retailing,2.0
LUV,13.38,5.58,9.45,28.41,AVG_PERF,,Transportation,2.0
LVS,10.37,8.08,2.2,20.65,AVG_PERF,,Consumer Services,2.0
LW,8.73,2.56,11.46,22.75,AVG_PERF,,Food Products,2.0
LYB,2.24,3.41,14.19,19.84,LAG_PERF,,Chemicals,2.0
LYV,8.42,8.57,0.34,17.33,LAG_PERF,,Media,2.0
MA,7.95,6.57,1.61,16.13,LAG_PERF,,Software & Services,4.0
MAA,3.12,5.23,3.33,11.68,LAG_PERF,,Real Estate,1.0
MAR,8.36,3.7,7.14,19.2,LAG_PERF,,Consumer Services,2.0
MAS,6.42,4.8,11.05,22.27,AVG_PERF,,Building Products,1.0
MCD,12.97,4.64,8.33,25.93,AVG_PERF,,Consumer Services,3.0
MCHP,8.07,7.44,14.04,29.56,AVG_PERF,,Semiconductors,1.0
MCK,7.23,4.32,1.67,13.22,LAG_PERF,,Healthcare,2.0
MCO,6.17,6.79,1.66,14.62,LAG_PERF,,Diversified Financials,2.0
MDLZ,9.93,3.64,7.38,20.95,AVG_PERF,,Food Products,3.0
MDT,13.39,6.95,1.82,22.16,AVG_PERF,,Healthcare,3.0
MET,7.17,7.42,0.5,15.09,LAG_PERF,,Insurance,2.0
META,21.64,8.68,2.41,32.73,LEAD_PERF,,Software & Services,4.0
MGM,12.59,10.63,0.97,24.2,AVG_PERF,,Consumer Services,2.0
MHK,3.47,4.25,6.26,13.98,LAG_PERF,,Consumer Durables,2.0
MKC,13.3,3.94,8.61,25.85,AVG_PERF,,Food Products,1.0
MKTX,5.93,6.1,1.84,13.87,LAG_PERF,,Diversified Financials,0.0
MLM,6.0,3.82,14.07,23.9,AVG_PERF,,Construction Materials,2.0
MMC,11.03,8.76,0.19,19.98,LAG_PERF,,Insurance,2.0
MMM,16.82,6.51,19.53,42.86,LEAD_PERF,,Industrial Conglomerates,5.0
MNST,12.72,4.66,15.51,32.89,LEAD_PERF,,Food Products,1.0
MO,17.99,6.53,6.8,31.32,LEAD_PERF,,Food Products,3.0
MOH,17.47,5.09,0.28,22.84,AVG_PERF,,Healthcare,1.0
MOS,11.74,6.57,18.98,37.28,LEAD_PERF,,Chemicals,2.0
MPC,8.47,3.44,18.43,30.34,LEAD_PERF,,Refiners & Pipelines,3.0
MPWR,7.04,7.66,4.33,19.03,LAG_PERF,,Semiconductors,0.0
MRK,11.4,5.67,2.89,19.96,LAG_PERF,,Pharmaceuticals,2.0
MRNA,12.18,4.21,2.77,19.16,LAG_PERF,,Pharmaceuticals,2.0
MS,11.83,11.71,1.28,24.82,AVG_PERF,,Diversified Financials,2.0
MSCI,5.46,6.6,2.33,14.4,LAG_PERF,,Diversified Financials,1.0
MSFT,7.62,4.96,1.65,14.23,LAG_PERF,,Software & Services,3.0
MSI,5.29,4.74,2.36,12.39,LAG_PERF,,Technology Hardware,2.0
MTB,11.55,11.7,2.01,25.26,AVG_PERF,,Banks,1.0
MTCH,8.84,6.6,1.3,16.74,LAG_PERF,,Software & Services,2.0
MTD,6.71,3.07,0.95,10.73,LAG_PERF,,Pharmaceuticals,0.0
MU,5.03,4.69,8.88,18.6,LAG_PERF,,Semiconductors,2.0
NCLH,10.82,4.76,8.36,23.94,AVG_PERF,,Consumer Services,2.0
NDAQ,7.08,6.48,0.07,13.63,LAG_PERF,,Diversified Financials,1.0
NDSN,11.46,4.37,8.32,24.15,AVG_PERF,,Machinery,0.0
NEE,8.87,4.85,11.32,25.05,AVG_PERF,,Utilities,2.0
NEM,9.09,4.01,8.29,21.39,AVG_PERF,,Precious Metals,3.0
NFLX,7.27,8.07,0.16,15.49,LAG_PERF,,Media,2.0
NI,8.07,3.15,9.36,20.58,AVG_PERF,,Utilities,2.0
NKE,9.98,5.42,3.04,18.44,LAG_PERF,,Textiles & Apparel,3.0
NOC,15.11,4.25,7.25,26.61,AVG_PERF,,Aerospace & Defense,2.0
NOW,8.46,3.63,4.24,16.33,LAG_PERF,,Software & Services,0.0
NRG,9.91,5.12,19.16,34.19,LEAD_PERF,,Utilities,2.0
NSC,10.5,4.67,8.12,23.29,AVG_PERF,,Transportation,3.0
NTAP,7.85,4.15,2.34,14.34,LAG_PERF,,Technology Hardware,1.0
NTRS,11.29,12.06,1.57,24.92,AVG_PERF,,Diversified Financials,1.0
NUE,14.88,7.77,9.28,31.93,LEAD_PERF,,Steel,2.0
NVDA,3.86,5.65,2.73,12.23,LAG_PERF,,Semiconductors,2.0
NVR,6.7,4.68,9.63,21.0,AVG_PERF,,Homebuilders,1.0
NWSA,4.83,5.1,0.04,9.98,LAG_PERF,,Media,2.0
NXPI,4.29,3.78,8.62,16.69,LAG_PERF,,Semiconductors,2.0
O,5.19,5.7,4.64,15.53,LAG_PERF,,Real Estate,0.0
ODFL,7.82,3.42,4.7,15.93,LAG_PERF,,Transportation,2.0
OKE,10.66,2.62,11.91,25.19,AVG_PERF,,Refiners & Pipelines,1.0
OMC,8.7,5.54,0.21,14.45,LAG_PERF,,Media,1.0
ON,5.55,4.06,11.66,21.27,AVG_PERF,,Semiconductors,1.0
ORCL,6.75,6.57,1.58,14.89,LAG_PERF,,Software & Services,2.0
ORLY,8.45,3.03,0.29,11.78,LAG_PERF,,Retailing,1.0
OTIS,10.84,3.54,4.38,18.77,LAG_PERF,,Machinery,1.0
OXY,9.06,6.44,22.33,37.83,LEAD_PERF,,Oil & Gas Producers,2.0
PANW,8.38,4.46,0.72,13.56,LAG_PERF,,Software & Services,2.0
PARA,7.19,6.4,0.26,13.86,LAG_PERF,,Media,2.0
PAYC,8.52,4.49,5.86,18.87,LAG_PERF,,Software & Services,1.0
PAYX,7.24,6.21,3.21,16.67,LAG_PERF,,Software & Services,1.0
PCAR,12.0,7.5,11.87,31.38,LEAD_PERF,,Machinery,3.0
PCG,17.71,2.92,9.88,30.51,LEAD_PERF,,Utilities,4.0
PEG,8.5,4.15,8.52,21.16,AVG_PERF,,Utilities,2.0
PEP,9.64,4.08,7.1,20.82,AVG_PERF,,Food Products,3.0
PFE,9.04,7.44,2.74,19.22,LAG_PERF,,Pharmaceuticals,3.0
PFG,5.14,5.57,0.46,11.18,LAG_PERF,,Insurance,1.0
PG,10.81,5.66,8.46,24.93,AVG_PERF,,Household Products,2.0
PGR,9.2,9.17,1.47,19.83,LAG_PERF,,Insurance,2.0
PH,12.87,5.29,8.67,26.84,AVG_PERF,,Machinery,2.0
PHM,5.94,4.65,10.54,21.13,AVG_PERF,,Homebuilders,2.0
PKG,1.39,3.45,12.8,17.64,LAG_PERF,,Containers & Packaging,1.0
PLD,3.88,3.92,3.12,10.93,LAG_PERF,,Real Estate,1.0
PLTR,10.21,6.94,5.19,22.35,AVG_PERF,,Software & Services,1.0
PM,13.63,7.3,5.63,26.55,AVG_PERF,,Food Products,3.0
PNC,13.1,8.71,1.9,23.71,AVG_PERF,,Banks,3.0
PNR,10.73,5.15,6.12,22.0,AVG_PERF,,Machinery,1.0
PNW,7.96,4.8,13.21,25.96,AVG_PERF,,Utilities,1.0
PODD,11.36,6.27,3.73,21.37,AVG_PERF,,Healthcare,1.0
POOL,4.75,2.97,3.21,10.93,LAG_PERF,,Retailing,0.0
PPG,8.12,4.38,9.79,22.3,AVG_PERF,,Chemicals,2.0
PPL,7.64,4.38,14.89,26.91,AVG_PERF,,Utilities,2.0
PRU,8.62,9.51,0.5,18.63,LAG_PERF,,Insurance,1.0
PSA,2.42,5.45,5.21,13.08,LAG_PERF,,Real Estate,1.0
PSX,8.04,4.47,20.56,33.08,LEAD_PERF,,Refiners & Pipelines,3.0
PTC,8.38,5.21,4.89,18.48,LAG_PERF,,Software & Services,1.0
PWR,16.52,7.82,12.26,36.6,LEAD_PERF,,Construction & Engineering,2.0
PYPL,9.27,4.39,2.75,16.41,LAG_PERF,,Software & Services,2.0
QCOM,4.14,3.39,6.1,13.62,LAG_PERF,,Semiconductors,2.0
QRVO,6.24,4.13,9.84,20.21,AVG_PERF,,Semiconductors,0.0
RCL,6.7,3.64,7.97,18.31,LAG_PERF,,Consumer Services,2.0
REG,3.38,3.96,3.98,11.31,LAG_PERF,,Real Estate,0.0
REGN,10.93,5.86,1.6,18.39,LAG_PERF,,Pharmaceuticals,1.0
RF,5.96,6.87,1.47,14.3,LAG_PERF,,Banks,2.0
RJF,11.82,12.62,2.24,26.68,AVG_PERF,,Diversified Financials,2.0
RL,7.68,5.15,1.08,13.91,LAG_PERF,,Textiles & Apparel,3.0
RMD,12.79,7.99,3.88,24.67,AVG_PERF,,Healthcare,2.0
ROK,6.33,4.47,9.56,20.36,AVG_PERF,,Electrical Equipment,2.0
ROL,11.34,5.27,1.99,18.6,LAG_PERF,,Commercial Services,1.0
ROP,9.68,5.04,4.64,19.36,LAG_PERF,,Software & Services,0.0
ROST,10.02,4.94,2.07,17.03,LAG_PERF,,Retailing,1.0
RSG,5.36,2.74,10.42,18.52,LAG_PERF,,Commercial Services,3.0
RTX,15.22,7.31,7.69,30.22,LEAD_PERF,,Aerospace & Defense,3.0
RVTY,9.87,4.38,1.34,15.58,LAG_PERF,,Pharmaceuticals,1.0
SBAC,2.48,3.9,3.35,9.73,LAG_PERF,,Real Estate,0.0
SBUX,11.71,3.18,7.45,22.34,AVG_PERF,,Consumer Services,3.0
SCHW,8.81,12.05,2.45,23.3,AVG_PERF,,Diversified Financials,2.0
SHW,10.17,4.34,14.87,29.38,AVG_PERF,,Chemicals,2.0
SJM,12.33,3.14,11.72,27.19,AVG_PERF,,Food Products,2.0
SLB,7.66,4.55,6.26,18.48,LAG_PERF,,Energy Services,1.0
SMCI,,,,20.5,AVG_PERF,,Technology Hardware,3.0
SNA,11.64,6.31,9.65,27.6,AVG_PERF,,Machinery,2.0
SNPS,6.98,3.45,3.46,13.89,LAG_PERF,,Software & Services,0.0
SO,10.0,6.87,11.27,28.14,AVG_PERF,,Utilities,2.0
SPG,3.96,5.0,3.53,12.49,LAG_PERF,,Real Estate,1.0
SPGI,6.22,5.23,0.0,11.45,LAG_PERF,,Diversified Financials,1.0
SRE,7.88,4.02,11.32,23.22,AVG_PERF,,Utilities,2.0
STE,12.09,6.37,5.11,23.57,AVG_PERF,,Healthcare,0.0
STLD,14.63,7.57,9.21,31.41,LEAD_PERF,,Steel,1.0
STT,10.93,9.19,1.93,22.05,AVG_PERF,,Diversified Financials,1.0
STX,6.54,4.17,0.84,11.55,LAG_PERF,,Technology Hardware,2.0
STZ,11.89,4.0,10.49,26.39,AVG_PERF,,Food Products,2.0
SWK,13.61,5.81,6.75,26.16,AVG_PERF,,Machinery,2.0
SWKS,7.92,6.25,9.94,24.11,AVG_PERF,,Semiconductors,1.0
SYF,10.79,5.52,0.16,16.46,LAG_PERF,,Diversified Financials,2.0
SYK,11.88,7.96,3.75,23.59,AVG_PERF,,Healthcare,2.0
SYY,6.07,3.11,6.09,15.27,LAG_PERF,,Food Retailers,2.0
T,11.5,6.53,4.04,22.07,AVG_PERF,,Telecommunication Services,3.0
TAP,11.3,5.69,10.98,27.98,AVG_PERF,,Food Products,2.0
TDG,18.35,8.06,11.89,38.3,LEAD_PERF,,Aerospace & Defense,2.0
TDY,16.92,6.56,10.8,34.28,LEAD_PERF,,Aerospace & Defense,1.0
TECH,17.98,6.45,1.53,25.97,AVG_PERF,,Pharmaceuticals,1.0
TEL,5.52,2.97,4.8,13.3,LAG_PERF,,Technology Hardware,2.0
TER,4.78,3.9,6.81,15.49,LAG_PERF,,Semiconductors,1.0
TFC,6.75,8.91,1.45,17.12,LAG_PERF,,Banks,2.0
TFX,13.41,6.38,3.98,23.77,AVG_PERF,,Healthcare,2.0
TGT,11.79,3.71,1.66,17.16,LAG_PERF,,Retailing,3.0
TJX,8.95,4.51,2.35,15.8,LAG_PERF,,Retailing,2.0
TMO,4.89,6.04,1.49,12.43,LAG_PERF,,Pharmaceuticals,3.0
TMUS,13.08,6.02,3.87,22.97,AVG_PERF,,Telecommunication Services,3.0
TPL,1.85,11.97,0.3,14.11,LAG_PERF,,Oil & Gas Producers,0.0
TPR,7.72,4.09,1.21,13.02,LAG_PERF,,Textiles & Apparel,2.0
TRGP,15.07,2.79,13.96,31.82,LEAD_PERF,,Refiners & Pipelines,2.0
TRMB,3.24,3.4,2.91,9.55,LAG_PERF,,Technology Hardware,0.0
TROW,7.91,8.15,1.37,17.43,LAG_PERF,,Diversified Financials,1.0
TRV,10.54,9.23,0.78,20.55,AVG_PERF,,Insurance,1.0
TSCO,7.08,3.68,3.14,13.91,LAG_PERF,,Retailing,2.0
TSLA,14.13,7.4,3.2,24.73,AVG_PERF,,Automobiles,3.0
TSN,12.72,7.98,16.12,36.82,LEAD_PERF,,Food Products,4.0
TT,5.79,4.37,4.64,14.8,LAG_PERF,,Building Products,2.0
TTWO,10.42,5.11,0.34,15.87,LAG_PERF,,Software & Services,2.0
TXN,6.07,5.72,10.13,21.93,AVG_PERF,,Semiconductors,2.0
TXT,16.51,4.97,11.65,33.13,LEAD_PERF,,Aerospace & Defense,2.0
TYL,9.11,4.95,4.22,18.28,LAG_PERF,,Software & Services,2.0
UAL,14.68,4.48,12.45,31.62,LEAD_PERF,,Transportation,2.0
UBER,11.54,5.81,3.79,21.14,AVG_PERF,,Software & Services,3.0
UDR,4.01,5.13,3.79,12.93,LAG_PERF,,Real Estate,1.0
UHS,17.67,8.12,5.04,30.82,LEAD_PERF,,Healthcare,2.0
ULTA,6.95,3.95,2.88,13.78,LAG_PERF,,Retailing,1.0
UNH,11.89,4.54,0.12,16.54,LAG_PERF,,Healthcare,4.0
UNP,9.13,3.61,7.25,20.0,LAG_PERF,,Transportation,2.0
UPS,9.47,4.91,4.5,18.88,LAG_PERF,,Transportation,2.0
URI,5.81,4.55,5.38,15.74,LAG_PERF,,Traders & Distributors,2.0
USB,12.13,11.03,1.06,24.21,AVG_PERF,,Banks,2.0
V,8.27,5.18,1.93,15.39,LAG_PERF,,Software & Services,3.0
VICI,5.35,4.27,4.3,13.92,LAG_PERF,,Real Estate,1.0
VLO,7.23,4.1,19.21,30.54,LEAD_PERF,,Refiners & Pipelines,2.0
VLTO,14.08,3.68,6.17,23.93,AVG_PERF,,Machinery,0.0
VMC,6.97,8.13,13.34,28.44,AVG_PERF,,Construction Materials,2.0
VRSK,12.49,3.66,0.13,16.29,LAG_PERF,,Commercial Services,1.0
VRSN,10.63,5.29,4.85,20.77,AVG_PERF,,Software & Services,0.0
VRTX,13.66,4.97,0.94,19.56,LAG_PERF,,Pharmaceuticals,2.0
VST,7.17,3.19,18.97,29.33,AVG_PERF,,Utilities,2.0
VTR,4.22,3.95,3.0,11.16,LAG_PERF,,Real Estate,1.0
VTRS,13.25,9.08,3.1,25.43,AVG_PERF,,Pharmaceuticals,4.0
VZ,10.13,5.07,4.13,19.32,LAG_PERF,,Telecommunication Services,3.0
WAB,11.99,4.74,5.97,22.7,AVG_PERF,,Machinery,2.0
WAT,8.11,3.22,1.45,12.77,LAG_PERF,,Pharmaceuticals,0.0
WBA,8.48,5.16,1.92,15.57,LAG_PERF,,Food Retailers,2.0
WBD,9.16,6.7,2.27,18.12,LAG_PERF,,Media,2.0
WDC,3.95,4.17,1.56,9.69,LAG_PERF,,Technology Hardware,2.0
WEC,7.55,3.19,12.35,23.09,AVG_PERF,,Utilities,2.0
WELL,2.95,4.33,4.24,11.51,LAG_PERF,,Real Estate,0.0
WFC,14.68,18.2,1.5,34.38,LEAD_PERF,,Banks,5.0
WM,6.86,2.45,9.3,18.61,LAG_PERF,,Commercial Services,2.0
WMB,9.34,2.22,8.05,19.61,LAG_PERF,,Refiners & Pipelines,2.0
WMT,9.85,5.83,5.29,20.97,AVG_PERF,,Food Retailers,3.0
WRB,9.35,11.26,0.65,21.26,AVG_PERF,,Insurance,1.0
WST,9.4,5.63,2.94,17.97,LAG_PERF,,Healthcare,0.0
WTW,7.82,8.35,0.17,16.34,LAG_PERF,,Insurance,1.0
WY,4.01,2.12,9.18,15.31,LAG_PERF,,Paper & Forestry,2.0
WYNN,12.02,9.03,3.93,24.98,AVG_PERF,,Consumer Services,2.0
XEL,9.48,3.92,13.17,26.57,AVG_PERF,,Utilities,2.0
XOM,11.58,6.99,25.09,43.66,LEAD_PERF,,Oil & Gas Producers,3.0
XYL,8.01,4.36,10.49,22.86,AVG_PERF,,Machinery,1.0
YUM,10.25,3.22,7.04,20.51,AVG_PERF,,Consumer Services,2.0
ZBH,13.99,7.31,4.89,26.19,AVG_PERF,,Healthcare,2.0
ZBRA,3.34,4.81,1.79,9.94,LAG_PERF,,Technology Hardware,0.0
ZTS,5.8,6.6,2.68,15.08,LAG_PERF,,Pharmaceuticals,2.0
